,FileName,DateTime
0,_posts_original_en\2024-04-17-MakeBlogSite.html,2024-05-23T18:09:49.177171
1,_posts_original_en\2024-04-19-MakeSitemap.html,2024-05-23T18:13:38.683047
2,_posts_original_en\2024-04-19-Markdown2Html.html,2024-05-23T18:09:51.633246
3,_posts_original_en\2024-04-19-Mermaid.html,2024-05-23T18:21:17.101325
4,_posts_original_en\2024-04-22-AutoAddSitemap2Google.html,2024-05-23T18:21:25.689463
5,_posts_original_en\2024-04-22-MakeIconImage.html,2024-05-23T18:21:23.486036
6,_posts_original_en\2024-04-22-StuckScrewOfDrumPedal.html,2024-05-23T18:26:38.578669
7,_posts_original_en\2024-04-24-RoombaTroubleShootingBF0B12.html,2024-05-23T18:28:02.054439
8,_posts_original_en\2024-04-25-CoeiroinkGUI.html,2024-05-23T18:35:13.209905
9,_posts_original_en\2024-04-26-CoeiroinkAPI01.html,2024-05-23T18:44:33.028317
10,_posts_original_en\2024-04-26-threejs.html,2024-05-23T18:41:08.702968
11,_posts_original_en\2024-04-27-MakeDirectoryStructureDiagram.html,2024-05-23T18:42:07.423165
12,_posts_original\2024-04-17-MakeBlogSite.html,2024-05-01T10:37:06.340230
13,_posts_original\2024-04-19-MakeSitemap.html,2024-04-30T08:40:19.038875
14,_posts_original\2024-04-19-markdown2html.html,2024-04-30T08:41:12.902758
15,_posts_original\2024-04-19-mermaid.html,2024-04-30T08:41:08.406979
16,_posts_original\2024-04-22-AutoAddSitemap2Google.html,2024-04-30T08:41:04.215804
17,_posts_original\2024-04-22-MakeIconImage.html,2024-04-30T08:40:59.445647
18,_posts_original\2024-04-22-StuckScrewOfDrumPedal.html,2024-04-30T08:40:54.246861
19,_posts_original\2024-04-24-RoombaTroubleShootingBF0B12.html,2024-04-30T08:40:49.255876
20,_posts_original\2024-04-25-CoeiroinkGUI.html,2024-05-23T18:34:48.040715
21,_posts_original\2024-04-26-CoeiroinkAPI01.html,2024-05-23T18:44:16.001384
22,_posts_original\2024-04-26-threejs.html,2024-04-30T08:40:32.168279
23,_posts_original\2024-04-27-MakeDirectoryStructureDiagram.html,2024-04-30T08:40:25.501878
24,_programs\add_ad_to_posts.py,2024-04-19T23:42:05.233149
25,_programs\add_sitemap_to_google.py,2024-04-23T07:30:12.358926
26,_programs\make_index.py,2024-05-01T10:15:02.155092
27,_programs\make_posts.py,2024-05-01T10:37:35.433245
28,_programs\make_sitemap.py,2024-05-14T08:28:41.417946
29,_programs\make_sort_by_date.py,2024-05-01T10:15:24.156408
30,_programs\modules.py,2024-05-01T10:49:21.316820
31,_programs\update.py,2024-05-01T10:44:23.930189
32,_templates\index-temp.html,2024-05-01T08:37:27.599387
33,_templates\post-temp.html,2024-05-01T08:37:51.327996
34,_templates\tags-temp.html,2024-04-29T07:39:18.808994
